"","Species","X","Y","Response"
"1","Scolopendra viridis",-103.377533,20.745,1
"2","Scolopendra viridis",-98.840238,19.514123,1
"3","Scolopendra viridis",-98.83886,19.513085,1
"4","Scolopendra viridis",-99.1706,19.305031,1
"5","Scolopendra viridis",-99.121628,19.571042,1
"6","Scolopendra viridis",-103.450484,20.550521,1
"7","Scolopendra viridis",-98.115888,19.008525,1
"8","Scolopendra viridis",-98.115838,19.008562,1
"9","Scolopendra viridis",-100.09035,19.174103,1
"10","Scolopendra viridis",-103.428658,20.361233,1
"11","Scolopendra viridis",-103.474069,20.61629,1
"12","Scolopendra viridis",-98.970072,19.322139,1
"13","Scolopendra viridis",-103.394386,20.70979,1
"14","Scolopendra viridis",-99.102917,19.282775,1
"15","Scolopendra viridis",-98.117742,19.007741,1
"16","Scolopendra viridis",-98.121595,19.013771,1
"17","Scolopendra viridis",-99.08702,19.886196,1
"18","Scolopendra viridis",-98.121888,19.013825,1
"19","Scolopendra viridis",-99.08928,19.34232,1
"20","Scolopendra viridis",-98.13981,19.14021,1
"21","Scolopendra viridis",-98.139487,19.14307,1
"22","Scolopendra viridis",-98.965401,19.150772,1
"23","Scolopendra viridis",-98.874199,19.336093,1
"24","Scolopendra viridis",-104.050007,20.657212,1
"25","Scolopendra viridis",-102.371792,19.396992,1
"26","Scolopendra viridis",-98.139835,19.141544,1
"27","Scolopendra viridis",-98.989037,19.333728,1
"28","Scolopendra viridis",-99.00844,19.327134,1
"29","Scolopendra viridis",-99.166924,19.901292,1
"30","Scolopendra viridis",-100.19047,19.128324,1
"31","Scolopendra viridis",-99.173889,19.291944,1
"32","Scolopendra viridis",-99.255651,19.790249,1
"33","Scolopendra viridis",-99.253082,19.796846,1
"34","Scolopendra viridis",-99.279808,19.291038,1
"35","Scolopendra viridis",-98.287529,19.052795,1
"36","Scolopendra viridis",-99.148656,19.323047,1
"37","Scolopendra viridis",-99.242818,19.167606,1
"38","Scolopendra viridis",-99.660851,19.284027,1
"39","Scolopendra viridis",-99.242813,19.167593,1
"40","Scolopendra viridis",-99.211265,19.214044,1
"41","Scolopendra viridis",-99.131459,19.33434,1
"42","Scolopendra viridis",-101.156507,19.716045,1
"43","Scolopendra viridis",-99.168763,19.901093,1
"44","Scolopendra viridis",-99.196235,18.978166,1
"45","Scolopendra viridis",-98.999511,19.325353,1
"46","Scolopendra viridis",-99.214613,19.245863,1
"47","Scolopendra viridis",-101.181471,19.697872,1
"48","Scolopendra viridis",-98.212822,19.083881,1
"49","Scolopendra viridis",-99.215997,19.256349,1
"50","Scolopendra viridis",-99.20298,19.316362,1
"51","Scolopendra viridis",-98.875278,19.475607,1
"52","Scolopendra viridis",-99.13209,19.67554,1
"53","Scolopendra viridis",-98.832925,19.117522,1
"54","Scolopendra viridis",-99.488638,18.994058,1
"55","Scolopendra viridis",-101.231467,19.713303,1
"56","Scolopendra viridis",-99.592461,19.467863,1
"57","Scolopendra viridis",-99.622321,19.263975,1
"58","Scolopendra viridis",-98.286723,19.060334,1
"59","Scolopendra viridis",-101.136586,19.69869,1
"60","Scolopendra viridis",-99.13092,19.620903,1
"61","Scolopendra viridis",-99.128552,19.288713,1
"62","Scolopendra viridis",-99.127701,19.308848,1
"63","Scolopendra viridis",-99.250238,19.477483,1
"64","Scolopendra viridis",-99.288171,19.46517,1
"65","Scolopendra viridis",-100.071441,20.413817,1
"66","Scolopendra viridis",-104.05764,20.6517,1
"67","Scolopendra viridis",-103.72646,19.96645,1
"68","Scolopendra viridis",-99.001,19.0178,1
"69","Scolopendra viridis",-103.253194,20.338444,1
"70","Scolopendra viridis",-104.05764,20.6517,1
"71","Scolopendra viridis",-104.99385,20.365639,1
"72","Scolopendra viridis",-104.9826,20.37728,1
"73","Scolopendra viridis",-97.37104,18.62739,1
"74","Scolopendra viridis",-99.174797,19.31571,1
"75","Scolopendra viridis",-99.060118,18.995283,1
"76","Scolopendra viridis",-99.094222,19.608072,1
"77","Scolopendra viridis",-99.459661,19.272695,1
"78","Scolopendra viridis",-102.119728,19.416139,1
"79","Scolopendra viridis",-98.113806,19.033278,1
"80","Scolopendra viridis",-97.35,19.504722,1
"81","Scolopendra viridis",-104.470528,20.251116,1
"82","Scolopendra viridis",-99.461161,19.271671,1
"83","Scolopendra viridis",-99.461161,19.271671,1
"84","Scolopendra viridis",-99.461161,19.271671,1
"85","Scolopendra viridis",-100.431389,20.217778,1
"86","Scolopendra viridis",-100.088611,18.698056,1
"87","Scolopendra viridis",-99.990278,19.905,1
"88","Scolopendra viridis",-99.433269,19.743056,1
"89","Speciespoints",-97.8374989538155,19.7541669724505,0
"90","Speciespoints",-100.70416577104,19.7291669711375,0
"91","Speciespoints",-104.162499286005,19.8958336465575,0
"92","Speciespoints",-100.737499106123,20.7541670249705,0
"93","Speciespoints",-97.1708322521355,19.3375002839005,0
"94","Speciespoints",-102.187499182278,20.4208336741305,0
"95","Speciespoints",-99.7458323873745,19.2375002786485,0
"96","Speciespoints",-103.12083256463,19.5625002957175,0
"97","Speciespoints",-99.5124990417865,18.4875002392585,0
"98","Speciespoints",-101.970832504231,19.8708336452445,0
"99","Speciespoints",-102.804165881331,20.3208336688785,0
"100","Speciespoints",-101.345832471406,20.4291670079015,0
"101","Speciespoints",-98.8124990050225,19.5875002970305,0
"102","Speciespoints",-103.28749924005,19.3208336163585,0
"103","Speciespoints",-102.420832527865,20.2125003298555,0
"104","Speciespoints",-101.53749914814,19.9791669842675,0
"105","Speciespoints",-103.562499254493,19.5958336308015,0
"106","Speciespoints",-101.054165789422,20.4291670079015,0
"107","Speciespoints",-100.3708324202,20.1875003285425,0
"108","Speciespoints",-104.7958326526,20.9541670354745,0
"109","Speciespoints",-104.970832661792,20.8625003639935,0
"110","Speciespoints",-104.587499308326,20.5458336806955,0
"111","Speciespoints",-100.445832424139,19.7291669711375,0
"112","Speciespoints",-102.062499175713,19.5375002944045,0
"113","Speciespoints",-103.745832597454,19.4958336255495,0
"114","Speciespoints",-101.070832456964,20.0291669868935,0
"115","Speciespoints",-103.770832598767,20.5291670131535,0
"116","Speciespoints",-97.4041655977235,18.3541668989225,0
"117","Speciespoints",-97.6791656121665,19.4041669540685,0
"118","Speciespoints",-97.6374989433115,19.6208336321145,0
"119","Speciespoints",-99.7624990549165,19.5291669606335,0
"120","Speciespoints",-102.670832540996,19.9541669829545,0
"121","Speciespoints",-101.437499142888,19.1541669409385,0
"122","Speciespoints",-101.12083245959,19.3958336202975,0
"123","Speciespoints",-101.612499152078,20.5541670144665,0
"124","Speciespoints",-97.8624989551285,19.4375002891525,0
"125","Speciespoints",-101.329165803864,20.5458336806955,0
"126","Speciespoints",-104.229165956172,20.0041669855805,0
"127","Speciespoints",-97.7124989472505,19.6291669658855,0
"128","Speciespoints",-101.404165807803,19.8708336452445,0
"129","Speciespoints",-102.904165886583,20.6375003521765,0
"130","Speciespoints",-100.762499107436,20.3541670039625,0
"131","Speciespoints",-104.487499303074,20.0958336570615,0
"132","Speciespoints",-101.529165814368,20.0458336544355,0
"133","Speciespoints",-98.8291656725645,19.5625002957175,0
"134","Speciespoints",-104.004165944356,19.4458336229235,0
"135","Speciespoints",-104.29583262634,20.1125003246035,0
"136","Speciespoints",-102.970832556752,20.6375003521765,0
"137","Speciespoints",-97.8208322862735,19.5458336281755,0
"138","Speciespoints",-103.887499271561,20.1958336623135,0
"139","Speciespoints",-102.270832519987,19.7375003049085,0
"140","Speciespoints",-97.3208322600135,18.4291669028615,0
"141","Speciespoints",-97.4208322652655,18.2208335585865,0
"142","Speciespoints",-101.12916579336,19.4875002917785,0
"143","Speciespoints",-103.479165916783,20.0458336544355,0
"144","Speciespoints",-101.2041657973,19.4875002917785,0
"145","Speciespoints",-99.4291657040765,20.1291669921455,0
"146","Speciespoints",-97.2041655872195,19.4791669580075,0
"147","Speciespoints",-98.4874989879535,19.5541669619465,0
"148","Speciespoints",-104.612499309638,20.2708336662525,0
"149","Speciespoints",-103.345832576446,20.3208336688785,0
"150","Speciespoints",-98.5458323243505,19.1041669383125,0
"151","Speciespoints",-100.195832411008,19.3541669514425,0
"152","Speciespoints",-104.929165992937,20.3375003364205,0
"153","Speciespoints",-103.029165893149,20.3791670052755,0
"154","Speciespoints",-100.987499119253,19.6625003009695,0
"155","Speciespoints",-101.2041657973,19.3041669488165,0
"156","Speciespoints",-99.9124990627945,19.1125002720835,0
"157","Speciespoints",-104.554165973241,20.4208336741305,0
"158","Speciespoints",-102.095832510796,19.9291669816415,0
"159","Speciespoints",-101.495832479285,19.8458336439315,0
"160","Speciespoints",-101.029165788109,20.1208336583745,0
"161","Speciespoints",-101.237499132384,20.2041669960845,0
"162","Speciespoints",-102.929165887897,20.4375003416725,0
"163","Speciespoints",-104.504165970616,20.1791669947715,0
"164","Speciespoints",-102.904165886583,19.8708336452445,0
"165","Speciespoints",-104.187499287318,20.8958336990775,0
"166","Speciespoints",-104.362499296509,20.4041670065885,0
"167","Speciespoints",-97.8124989525025,18.8375002576405,0
"168","Speciespoints",-99.7624990549165,19.9375003154125,0
"169","Speciespoints",-97.3208322600135,17.8541668726625,0
"170","Speciespoints",-103.04583256069,19.6291669658855,0
"171","Speciespoints",-101.754165826185,20.0208336531225,0
"172","Speciespoints",-104.21249928863,20.5958336833215,0
"173","Speciespoints",-97.2374989223035,17.9541668779145,0
"174","Speciespoints",-101.670832488475,19.3125002825875,0
"175","Speciespoints",-100.995832453025,20.3041670013365,0
"176","Speciespoints",-101.995832505544,20.3875003390465,0
"177","Speciespoints",-100.28749908249,19.3625002852135,0
"178","Speciespoints",-102.912499220355,20.5208336793825,0
"179","Speciespoints",-97.3791655964105,19.2541669461905,0
"180","Speciespoints",-102.229165851133,20.2958336675655,0
"181","Speciespoints",-101.304165802551,19.2291669448775,0
"182","Speciespoints",-103.820832601394,20.1375003259165,0
"183","Speciespoints",-100.779165774978,19.5958336308015,0
"184","Speciespoints",-103.062499228232,19.3458336176715,0
"185","Speciespoints",-104.887499324082,20.7541670249705,0
"186","Speciespoints",-97.7208322810215,18.9375002628925,0
"187","Speciespoints",-101.679165822247,19.5958336308015,0
"188","Speciespoints",-101.179165795987,20.1458336596875,0
"189","Speciespoints",-101.737499158644,20.2875003337945,0
"190","Speciespoints",-100.112499073298,19.5291669606335,0
"191","Speciespoints",-99.8208323913135,19.6958336360535,0
"192","Speciespoints",-99.3791657014505,19.6291669658855,0
"193","Speciespoints",-98.6874989984575,19.6208336321145,0
"194","Speciespoints",-97.2041655872195,18.0875002182505,0
"195","Speciespoints",-99.5541657106415,19.6208336321145,0
"196","Speciespoints",-103.7041659286,20.0875003232905,0
"197","Speciespoints",-99.3791657014505,19.7458336386795,0
"198","Speciespoints",-99.2624990286565,19.2458336124195,0
"199","Speciespoints",-100.087499071986,20.0541669882065,0
"200","Speciespoints",-99.4124990365345,19.3791669527555,0
"201","Speciespoints",-102.970832556752,19.7375003049085,0
"202","Speciespoints",-101.304165802551,19.1458336071675,0
"203","Speciespoints",-103.20416590234,20.0041669855805,0
"204","Speciespoints",-99.6958323847485,19.1875002760225,0
"205","Speciespoints",-103.220832569881,19.8041669750765,0
"206","Speciespoints",-99.9374990641075,18.9875002655185,0
"207","Speciespoints",-101.270832467467,20.6041670170925,0
"208","Speciespoints",-101.779165827499,20.2875003337945,0
"209","Speciespoints",-103.654165925974,20.5625003482375,0
"210","Speciespoints",-97.5124989367465,19.0208336006025,0
"211","Speciespoints",-98.1124989682585,19.0041669330605,0
"212","Speciespoints",-97.3624989288685,19.4375002891525,0
"213","Speciespoints",-99.8124990575425,19.6458336334275,0
"214","Speciespoints",-103.104165897087,20.1708336610005,0
"215","Speciespoints",-101.695832489789,19.9208336478705,0
"216","Speciespoints",-97.7624989498765,18.7875002550145,0
"217","Speciespoints",-99.0291656830685,19.8375003101605,0
"218","Speciespoints",-97.8874989564415,18.9208335953505,0
"219","Speciespoints",-101.612499152078,19.9375003154125,0
"220","Speciespoints",-101.612499152078,19.4291669553815,0
"221","Speciespoints",-104.679165979806,20.6291670184055,0
"222","Speciespoints",-97.2624989236165,19.5208336268625,0
"223","Speciespoints",-103.070832562004,19.9541669829545,0
"224","Speciespoints",-100.087499071986,19.9875003180385,0
"225","Speciespoints",-101.162499128444,19.9208336478705,0
"226","Speciespoints",-104.237499289944,20.3458336701915,0
"227","Speciespoints",-97.7624989498765,18.9291669291215,0
"228","Speciespoints",-102.779165880018,20.4958336780695,0
"229","Speciespoints",-102.437499195407,19.2708336137325,0
"230","Speciespoints",-104.229165956172,19.6958336360535,0
"231","Speciespoints",-97.1541655845935,18.2541668936705,0
"232","Speciespoints",-104.862499322768,20.7125003561155,0
"233","Speciespoints",-97.1791655859065,18.1208335533345,0
"234","Speciespoints",-100.020832401818,18.9625002642055,0
"235","Speciespoints",-100.87083244646,20.3625003377335,0
"236","Speciespoints",-98.4374989853275,19.5541669619465,0
"237","Speciespoints",-99.1874990247175,19.5375002944045,0
"238","Speciespoints",-104.737499316203,20.4958336780695,0
"239","Speciespoints",-103.404165912843,20.2625003324815,0
"240","Speciespoints",-100.604165765787,19.5791669632595,0
"241","Speciespoints",-99.2541656948855,19.2291669448775,0
"242","Speciespoints",-101.137499127132,19.6041669645725,0
"243","Speciespoints",-100.562499096932,19.5125002930915,0
"244","Speciespoints",-102.779165880018,20.1708336610005,0
"245","Speciespoints",-104.170832619775,20.4375003416725,0
"246","Speciespoints",-100.70416577104,19.8041669750765,0
"247","Speciespoints",-99.6291657145805,19.5541669619465,0
"248","Speciespoints",-99.9041657290235,19.1291669396255,0
"249","Speciespoints",-100.145832408383,19.7458336386795,0
"250","Speciespoints",-98.9541656791295,19.2041669435645,0
"251","Speciespoints",-104.429165966677,19.7708336399925,0
"252","Speciespoints",-97.5958322744565,19.6125002983435,0
"253","Speciespoints",-102.62916587214,19.9208336478705,0
"254","Speciespoints",-100.604165765787,20.1291669921455,0
"255","Speciespoints",-103.62916592466,20.9625003692455,0
"256","Speciespoints",-103.137499232172,19.8458336439315,0
"257","Speciespoints",-104.854165988998,20.3041670013365,0
"258","Speciespoints",-97.4874989354335,19.7708336399925,0
"259","Speciespoints",-97.3541655950975,18.9458335966635,0
"260","Speciespoints",-97.2374989223035,18.9541669304345,0
"261","Speciespoints",-97.4458322665785,18.8875002602665,0
"262","Speciespoints",-100.737499106123,20.4041670065885,0
"263","Speciespoints",-99.4041657027635,19.9958336518095,0
"264","Speciespoints",-103.179165901026,19.2791669475035,0
"265","Speciespoints",-98.3291656463045,18.9458335966635,0
"266","Speciespoints",-100.312499083802,20.0708336557485,0
"267","Speciespoints",-102.904165886583,20.2708336662525,0
"268","Speciespoints",-103.520832585638,21.0791670420395,0
"269","Speciespoints",-103.245832571194,19.4458336229235,0
"270","Speciespoints",-99.0624990181525,19.2458336124195,0
"271","Speciespoints",-104.445832634219,20.8125003613675,0
"272","Speciespoints",-102.220832517362,20.5375003469245,0
"273","Speciespoints",-100.220832412321,20.2125003298555,0
"274","Speciespoints",-102.812499215103,19.8208336426185,0
"275","Speciespoints",-100.754165773666,19.7458336386795,0
"276","Speciespoints",-102.779165880018,20.2125003298555,0
"277","Speciespoints",-99.0458323506105,19.3041669488165,0
"278","Speciespoints",-98.5958323269765,19.6375002996565,0
"279","Speciespoints",-103.1291658984,19.7958336413055,0
"280","Speciespoints",-97.3291655937845,19.3125002825875,0
"281","Speciespoints",-101.112499125819,20.4208336741305,0
"282","Speciespoints",-102.354165857697,20.0708336557485,0
"283","Speciespoints",-100.820832443833,20.1291669921455,0
"284","Speciespoints",-103.654165925974,20.4541670092145,0
"285","Speciespoints",-101.470832477971,20.0458336544355,0
"286","Speciespoints",-104.529165971929,20.8375003626805,0
"287","Speciespoints",-102.270832519987,19.2625002799615,0
"288","Speciespoints",-103.912499272874,19.7791669737635,0
"289","Speciespoints",-101.062499123192,19.6875003022825,0
"290","Speciespoints",-97.2708322573875,18.9708335979765,0
"291","Speciespoints",-97.8541656213575,18.8208335900985,0
"292","Speciespoints",-100.679165769726,19.6541669671985,0
"293","Speciespoints",-100.504165760535,20.3041670013365,0
"294","Speciespoints",-101.587499150765,19.5625002957175,0
"295","Speciespoints",-98.6958323322285,18.9625002642055,0
"296","Speciespoints",-98.4874989879535,19.3625002852135,0
"297","Speciespoints",-99.9374990641075,18.8625002589535,0
"298","Speciespoints",-103.395832579073,21.0125003718715,0
"299","Speciespoints",-97.6124989419985,19.7375003049085,0
"300","Speciespoints",-98.0374989643195,18.3875002340065,0
"301","Speciespoints",-99.0458323506105,19.0375002681445,0
"302","Speciespoints",-103.162499233484,19.1625002747095,0
"303","Speciespoints",-101.137499127132,20.6791670210315,0
"304","Speciespoints",-99.8124990575425,19.6625003009695,0
"305","Speciespoints",-103.012499225607,20.5375003469245,0
"306","Speciespoints",-102.795832547561,20.2458336649395,0
"307","Speciespoints",-97.9624989603805,19.1125002720835,0
"308","Speciespoints",-103.837499268936,20.7208336898865,0
"309","Speciespoints",-102.820832548873,20.1458336596875,0
"310","Speciespoints",-97.6374989433115,19.3875002865265,0
"311","Speciespoints",-99.6208323808095,18.9958335992895,0
"312","Speciespoints",-98.7791656699385,19.0041669330605,0
"313","Speciespoints",-102.162499180965,20.4458336754435,0
"314","Speciespoints",-102.479165864262,19.5791669632595,0
"315","Speciespoints",-99.8208323913135,20.0958336570615,0
"316","Speciespoints",-102.004165839316,20.3041670013365,0
"317","Speciespoints",-99.2041656922595,19.3375002839005,0
"318","Speciespoints",-103.279165906279,19.1791669422515,0
"319","Speciespoints",-99.9874990667335,19.0541669356865,0
"320","Speciespoints",-97.3624989288685,18.3541668989225,0
"321","Speciespoints",-101.62083248585,20.0958336570615,0
"322","Speciespoints",-103.37083257776,20.9708337030165,0
"323","Speciespoints",-100.854165778918,20.1125003246035,0
"324","Speciespoints",-99.8541657263975,19.4291669553815,0
"325","Speciespoints",-97.4541656003495,19.2291669448775,0
"326","Speciespoints",-104.029165945668,20.2291669973975,0
"327","Speciespoints",-97.9208322915255,18.7875002550145,0
"328","Speciespoints",-100.229165746093,19.7708336399925,0
"329","Speciespoints",-103.495832584325,19.5541669619465,0
"330","Speciespoints",-101.262499133696,20.1541669934585,0
"331","Speciespoints",-99.1458323558625,19.3208336163585,0
"332","Speciespoints",-98.4541656528695,19.3458336176715,0
"333","Speciespoints",-101.62083248585,19.6541669671985,0
"334","Speciespoints",-100.03749906936,19.8708336452445,0
"335","Speciespoints",-101.554165815682,19.7458336386795,0
"336","Speciespoints",-97.8624989551285,18.8375002576405,0
"337","Speciespoints",-101.37083247272,19.6291669658855,0
"338","Speciespoints",-102.837499216415,19.8708336452445,0
"339","Speciespoints",-98.4958323217245,19.2125002773355,0
"340","Speciespoints",-99.9374990641075,19.6458336334275,0
"341","Speciespoints",-98.4374989853275,19.5375002944045,0
"342","Speciespoints",-100.079165738214,18.7041669173045,0
"343","Speciespoints",-103.404165912843,20.3125003351075,0
"344","Speciespoints",-99.6124990470385,19.1625002747095,0
"345","Speciespoints",-101.337499137636,20.7708336925125,0
"346","Speciespoints",-101.520832480598,19.8708336452445,0
"347","Speciespoints",-99.6958323847485,19.9708336504965,0
"348","Speciespoints",-105.154166004754,20.2875003337945,0
"349","Speciespoints",-102.979165890522,19.7791669737635,0
"350","Speciespoints",-98.5624989918925,19.2875002812745,0
"351","Speciespoints",-102.862499217728,20.0875003232905,0
"352","Speciespoints",-99.8958323952525,18.7875002550145,0
"353","Speciespoints",-104.87916599031,20.5041670118405,0
"354","Speciespoints",-100.337499085115,19.4708336242365,0
"355","Speciespoints",-100.762499107436,19.7375003049085,0
"356","Speciespoints",-100.78749910875,20.7541670249705,0
"357","Speciespoints",-102.087499177026,19.8041669750765,0
"358","Speciespoints",-102.262499186217,19.3875002865265,0
"359","Speciespoints",-97.9958322954645,19.0041669330605,0
"360","Speciespoints",-101.329165803864,19.2541669461905,0
"361","Speciespoints",-102.320832522614,19.4125002878395,0
"362","Speciespoints",-102.2958325213,19.8208336426185,0
"363","Speciespoints",-101.21249913107,19.8208336426185,0
"364","Speciespoints",-100.979165785483,20.2708336662525,0
"365","Speciespoints",-101.28749913501,19.3125002825875,0
"366","Speciespoints",-100.262499081177,19.3625002852135,0
"367","Speciespoints",-102.479165864262,20.1208336583745,0
"368","Speciespoints",-102.04583250817,20.0791669895195,0
"369","Speciespoints",-103.570832588263,20.4291670079015,0
"370","Speciespoints",-102.079165843255,20.4708336767565,0
"371","Speciespoints",-101.179165795987,20.0541669882065,0
"372","Speciespoints",-102.720832543621,19.9291669816415,0
"373","Speciespoints",-100.412499089055,19.4958336255495,0
"374","Speciespoints",-97.3041655924715,18.1791668897315,0
"375","Speciespoints",-101.679165822247,19.6375002996565,0
"376","Speciespoints",-97.8624989551285,18.9958335992895,0
"377","Speciespoints",-102.695832542308,20.1791669947715,0
"378","Speciespoints",-103.012499225607,19.9375003154125,0
"379","Speciespoints",-99.4291657040765,19.2208336111065,0
"380","Speciespoints",-102.445832529179,19.5375002944045,0
"381","Speciespoints",-103.579165922035,20.9958337043295,0
"382","Speciespoints",-100.004165734276,19.1208336058545,0
"383","Speciespoints",-104.604165975868,20.5375003469245,0
"384","Speciespoints",-103.812499267622,20.0375003206645,0
"385","Speciespoints",-103.345832576446,20.2708336662525,0
"386","Speciespoints",-104.987499329334,20.8791670315355,0
"387","Speciespoints",-98.6541656633735,19.0958336045415,0
"388","Speciespoints",-100.887499114001,20.3125003351075,0
"389","Speciespoints",-102.12083251211,20.4625003429855,0
"390","Speciespoints",-103.412499246615,19.7791669737635,0
"391","Speciespoints",-99.6791657172065,19.4791669580075,0
"392","Speciespoints",-99.3208323650535,18.9291669291215,0
"393","Speciespoints",-97.8958322902125,18.5291669081135,0
"394","Speciespoints",-99.5791657119545,19.0541669356865,0
"395","Speciespoints",-98.8291656725645,19.2625002799615,0
"396","Speciespoints",-104.654165978493,20.4958336780695,0
"397","Speciespoints",-104.562499307013,19.9958336518095,0
"398","Speciespoints",-99.5208323755575,19.2541669461905,0
"399","Speciespoints",-104.604165975868,20.4291670079015,0
"400","Speciespoints",-98.7791656699385,19.2458336124195,0
"401","Speciespoints",-101.729165824872,20.2458336649395,0
"402","Speciespoints",-101.304165802551,19.5041669593205,0
"403","Speciespoints",-100.187499077238,19.0708336032285,0
"404","Speciespoints",-99.3958323689925,19.6958336360535,0
"405","Speciespoints",-100.479165759222,19.9375003154125,0
"406","Speciespoints",-98.0041656292355,19.2791669475035,0
"407","Speciespoints",-97.6958322797085,18.5708335769685,0
"408","Speciespoints",-102.637499205911,20.7625003587415,0
"409","Speciespoints",-104.495832636844,19.8541669777025,0
"410","Speciespoints",-102.995832558065,20.2291669973975,0
"411","Speciespoints",-102.612499204599,20.2125003298555,0
"412","Speciespoints",-98.8624990076485,19.3541669514425,0
"413","Speciespoints",-103.437499247928,19.7375003049085,0
"414","Speciespoints",-101.03749912188,19.5875002970305,0
"415","Speciespoints",-100.912499115315,20.0208336531225,0
"416","Speciespoints",-97.5708322731435,19.5458336281755,0
"417","Speciespoints",-99.7458323873745,19.4958336255495,0
"418","Speciespoints",-103.187499234797,19.8625003114735,0
"419","Speciespoints",-100.362499086428,19.8375003101605,0
"420","Speciespoints",-101.912499167834,20.1375003259165,0
"421","Speciespoints",-99.7541657211455,18.9875002655185,0
"422","Speciespoints",-102.362499191469,19.5625002957175,0
"423","Speciespoints",-100.695832437269,20.1041669908325,0
"424","Speciespoints",-103.779165932539,19.4708336242365,0
"425","Speciespoints",-103.562499254493,20.3791670052755,0
"426","Speciespoints",-104.570832640784,20.4041670065885,0
"427","Speciespoints",-102.512499199347,20.3208336688785,0
"428","Speciespoints",-103.445832581698,19.7125003035955,0
"429","Speciespoints",-104.445832634219,20.2541669987105,0
"430","Speciespoints",-102.504165865576,19.6708336347405,0
"431","Speciespoints",-101.729165824872,20.0125003193515,0
"432","Speciespoints",-104.479165969302,19.8875003127865,0
"433","Speciespoints",-104.28749929257,20.4708336767565,0
"434","Speciespoints",-101.145832460902,19.4958336255495,0
"435","Speciespoints",-101.579165816995,20.5041670118405,0
"436","Speciespoints",-104.579165974554,20.2125003298555,0
"437","Speciespoints",-98.0291656305485,18.7125002510755,0
"438","Speciespoints",-100.71249910481,19.7958336413055,0
"439","Speciespoints",-100.320832417573,19.6708336347405,0
"440","Speciespoints",-97.4458322665785,18.8375002576405,0
"441","Speciespoints",-102.245832518675,19.4041669540685,0
"442","Speciespoints",-97.6708322783955,19.0041669330605,0
"443","Speciespoints",-97.3708322626395,18.6875002497625,0
"444","Speciespoints",-101.104165792047,20.5375003469245,0
"445","Speciespoints",-100.887499114001,19.6375002996565,0
"446","Speciespoints",-98.2791656436785,19.6125002983435,0
"447","Speciespoints",-103.270832572508,19.6708336347405,0
"448","Speciespoints",-102.929165887897,20.1791669947715,0
"449","Speciespoints",-103.04583256069,20.7375003574285,0
"450","Speciespoints",-101.420832475346,19.8458336439315,0
"451","Speciespoints",-103.329165908904,20.1041669908325,0
"452","Speciespoints",-97.5541656056015,19.0291669343735,0
"453","Speciespoints",-103.345832576446,20.5208336793825,0
"454","Speciespoints",-97.6541656108535,19.0625002694575,0
"455","Speciespoints",-103.12083256463,20.8291670289095,0
"456","Speciespoints",-100.470832425452,20.0291669868935,0
"457","Speciespoints",-101.78749916127,19.4041669540685,0
"458","Speciespoints",-100.554165763162,19.9791669842675,0
"459","Speciespoints",-100.170832409696,20.3875003390465,0
"460","Speciespoints",-101.37916580649,19.9375003154125,0
"461","Speciespoints",-100.554165763162,19.6208336321145,0
"462","Speciespoints",-97.6958322797085,19.0208336006025,0
"463","Speciespoints",-103.054165894462,20.6875003548025,0
"464","Speciespoints",-97.5624989393725,18.2708335612125,0
"465","Speciespoints",-101.179165795987,19.6708336347405,0
"466","Speciespoints",-102.754165878706,20.1208336583745,0
"467","Speciespoints",-97.1874989196775,19.0708336032285,0
"468","Speciespoints",-99.2624990286565,19.1791669422515,0
"469","Speciespoints",-101.229165798612,19.3125002825875,0
"470","Speciespoints",-104.195832621088,20.8458336964515,0
"471","Speciespoints",-97.5291656042885,18.3875002340065,0
"472","Speciespoints",-97.7791656174185,19.0958336045415,0
"473","Speciespoints",-103.262499238736,20.4791670105275,0
"474","Speciespoints",-98.5791656594345,19.1875002760225,0
"475","Speciespoints",-103.195832568569,21.1041670433525,0
"476","Speciespoints",-103.970832609271,19.8875003127865,0
"477","Speciespoints",-100.770832441208,20.2708336662525,0
"478","Speciespoints",-102.854165883958,19.9458336491835,0
"479","Speciespoints",-102.912499220355,20.5458336806955,0
"480","Speciespoints",-103.62916592466,20.1208336583745,0
"481","Speciespoints",-100.937499116628,19.7458336386795,0
"482","Speciespoints",-100.670832435956,20.7458336911995,0
"483","Speciespoints",-100.562499096932,20.0791669895195,0
"484","Speciespoints",-97.3624989288685,18.9125002615795,0
"485","Speciespoints",-104.012499278126,20.0375003206645,0
"486","Speciespoints",-103.837499268936,20.5125003456115,0
"487","Speciespoints",-101.71249915733,19.1958336097935,0
"488","Speciespoints",-98.1041656344875,18.7125002510755,0
"489","Speciespoints",-97.5541656056015,19.3791669527555,0
"490","Speciespoints",-99.8291657250845,19.7625003062215,0
"491","Speciespoints",-97.6791656121665,19.4458336229235,0
"492","Speciespoints",-97.3958322639525,19.7541669724505,0
"493","Speciespoints",-102.895832552813,20.0208336531225,0
"494","Speciespoints",-100.170832409696,20.1041669908325,0
"495","Speciespoints",-100.187499077238,19.2458336124195,0
"496","Speciespoints",-102.004165839316,19.4375002891525,0
"497","Speciespoints",-104.262499291257,20.2958336675655,0
"498","Speciespoints",-104.004165944356,19.3958336202975,0
"499","Speciespoints",-102.095832510796,20.1541669934585,0
"500","Speciespoints",-101.920832501606,19.9541669829545,0
"501","Speciespoints",-97.2708322573875,19.5375002944045,0
"502","Speciespoints",-97.3624989288685,17.8291668713495,0
"503","Speciespoints",-101.554165815682,19.4458336229235,0
"504","Speciespoints",-99.6291657145805,20.1041669908325,0
"505","Speciespoints",-102.445832529179,19.4541669566945,0
"506","Speciespoints",-101.937499169148,19.9791669842675,0
"507","Speciespoints",-100.12916574084,18.9958335992895,0
"508","Speciespoints",-100.645832434643,19.7458336386795,0
"509","Speciespoints",-104.220832622402,20.1041669908325,0
"510","Speciespoints",-103.37083257776,19.7625003062215,0
"511","Speciespoints",-100.495832426764,20.0541669882065,0
"512","Speciespoints",-103.354165910218,20.5375003469245,0
"513","Speciespoints",-104.087499282065,20.8708336977645,0
"514","Speciespoints",-98.4208323177855,19.4291669553815,0
"515","Speciespoints",-102.245832518675,20.0875003232905,0
"516","Speciespoints",-103.279165906279,19.8625003114735,0
"517","Speciespoints",-101.570832483223,20.3291670026495,0
"518","Speciespoints",-97.1374989170515,18.3625002326935,0
"519","Speciespoints",-104.304165960112,20.5875003495505,0
"520","Speciespoints",-98.3791656489305,19.1208336058545,0
"521","Speciespoints",-101.229165798612,19.6708336347405,0
"522","Speciespoints",-101.437499142888,19.8541669777025,0
"523","Speciespoints",-97.9708322941515,19.0291669343735,0
"524","Speciespoints",-98.0374989643195,18.3958335677775,0
"525","Speciespoints",-103.312499241363,20.0458336544355,0
"526","Speciespoints",-99.2541656948855,19.0958336045415,0
"527","Speciespoints",-97.5624989393725,18.2958335625255,0
"528","Speciespoints",-101.429165809116,19.5541669619465,0
"529","Speciespoints",-102.12916584588,20.1125003246035,0
"530","Speciespoints",-100.362499086428,20.3958336728175,0
"531","Speciespoints",-102.312499188842,20.2541669987105,0
"532","Speciespoints",-100.154165742153,20.2708336662525,0
"533","Speciespoints",-97.9458322928385,19.5625002957175,0
"534","Speciespoints",-99.8958323952525,19.3125002825875,0
"535","Speciespoints",-102.270832519987,20.4708336767565,0
"536","Speciespoints",-99.1291656883205,19.7375003049085,0
"537","Speciespoints",-98.1874989721975,19.2791669475035,0
"538","Speciespoints",-97.3708322626395,19.7375003049085,0
"539","Speciespoints",-98.2541656423655,19.1541669409385,0
"540","Speciespoints",-99.6374990483515,19.1541669409385,0
"541","Speciespoints",-104.687499313578,20.8625003639935,0
"542","Speciespoints",-103.54583258695,19.5375002944045,0
"543","Speciespoints",-99.9041657290235,19.9958336518095,0
"544","Speciespoints",-104.12083261715,20.1041669908325,0
"545","Speciespoints",-102.737499211163,20.7375003574285,0
"546","Speciespoints",-102.179165848506,19.7541669724505,0
"547","Speciespoints",-103.154165899714,19.5958336308015,0
"548","Speciespoints",-104.362499296509,20.4458336754435,0
"549","Speciespoints",-99.5874990457255,19.8041669750765,0
"550","Speciespoints",-100.429165756597,20.0708336557485,0
"551","Speciespoints",-98.1041656344875,18.6791669159915,0
"552","Speciespoints",-99.1374990220915,19.5791669632595,0
"553","Speciespoints",-104.245832623715,20.5708336820085,0
"554","Speciespoints",-102.45416586295,20.3291670026495,0
"555","Speciespoints",-100.229165746093,20.4541670092145,0
"556","Speciespoints",-101.395832474033,19.1458336071675,0
"557","Speciespoints",-102.395832526552,19.2291669448775,0
"558","Speciespoints",-102.37083252524,20.3791670052755,0
"559","Speciespoints",-98.5624989918925,19.1041669383125,0
"560","Speciespoints",-104.5374993057,20.9291670341615,0
"561","Speciespoints",-101.012499120567,19.5958336308015,0
"562","Speciespoints",-97.5374989380595,18.8041669225565,0
"563","Speciespoints",-97.5874989406855,18.2375002261285,0
"564","Speciespoints",-103.187499234797,19.7541669724505,0
"565","Speciespoints",-103.437499247928,19.7125003035955,0
"566","Speciespoints",-97.7041656134795,18.6458335809075,0
"567","Speciespoints",-99.4708323729315,19.9125003140995,0
"568","Speciespoints",-97.1208322495095,18.1708335559605,0
"569","Speciespoints",-98.8041656712515,19.4625002904655,0
"570","Speciespoints",-97.3874989301815,18.2291668923575,0
"571","Speciespoints",-104.354165962737,20.6458336859475,0
"572","Speciespoints",-100.195832411008,19.8791669790155,0
"573","Speciespoints",-97.3041655924715,19.1625002747095,0
"574","Speciespoints",-97.8874989564415,18.3541668989225,0
"575","Speciespoints",-99.9624990654205,18.7875002550145,0
"576","Speciespoints",-100.71249910481,20.7375003574285,0
"577","Speciespoints",-100.354165752657,20.2625003324815,0
"578","Speciespoints",-102.554165868201,20.0708336557485,0
"579","Speciespoints",-103.154165899714,20.9041670328485,0
"580","Speciespoints",-101.095832458277,20.0958336570615,0
"581","Speciespoints",-99.4458323716185,19.8708336452445,0
"582","Speciespoints",-103.53749925318,19.8208336426185,0
"583","Speciespoints",-99.7291657198325,19.1958336097935,0
"584","Speciespoints",-102.54583253443,20.2708336662525,0
"585","Speciespoints",-104.187499287318,19.9041669803285,0
"586","Speciespoints",-101.579165816995,19.5708336294885,0
"587","Speciespoints",-102.595832537056,20.2625003324815,0
"588","Speciespoints",-97.3041655924715,19.5958336308015,0
"589","Speciespoints",-97.4624989341205,18.8291669238695,0
"590","Speciespoints",-99.7124990522905,19.1208336058545,0
"591","Speciespoints",-97.8624989551285,18.8875002602665,0
"592","Speciespoints",-99.6708323834355,20.0625003219775,0
"593","Speciespoints",-100.637499100871,19.8708336452445,0
"594","Speciespoints",-103.03749922692,20.1458336596875,0
"595","Speciespoints",-103.737499263684,20.3708336715045,0
"596","Speciespoints",-101.504165813055,19.6041669645725,0
"597","Speciespoints",-100.3708324202,19.8791669790155,0
"598","Speciespoints",-104.12916595092,20.2458336649395,0
"599","Speciespoints",-101.779165827499,19.4625002904655,0
"600","Speciespoints",-103.137499232172,19.9458336491835,0
"601","Speciespoints",-97.1874989196775,17.9458335441435,0
"602","Speciespoints",-98.5124989892665,19.3625002852135,0
"603","Speciespoints",-97.5624989393725,19.2375002786485,0
"604","Speciespoints",-100.21249907855,19.0875002707705,0
"605","Speciespoints",-99.9374990641075,20.1708336610005,0
"606","Speciespoints",-101.337499137636,19.8625003114735,0
"607","Speciespoints",-102.070832509483,20.1791669947715,0
"608","Speciespoints",-102.679165874766,20.2625003324815,0
"609","Speciespoints",-103.720832596142,20.5208336793825,0
"610","Speciespoints",-99.6374990483515,19.0958336045415,0
"611","Speciespoints",-104.904165991624,20.5541670144665,0
"612","Speciespoints",-97.6124989419985,18.4041669015485,0
"613","Speciespoints",-101.729165824872,19.8791669790155,0
"614","Speciespoints",-101.12083245959,20.6541670197185,0
"615","Speciespoints",-102.445832529179,20.3625003377335,0
"616","Speciespoints",-101.395832474033,20.3208336688785,0
"617","Speciespoints",-99.1791656909465,19.3375002839005,0
"618","Speciespoints",-102.21249918359,20.5125003456115,0
"619","Speciespoints",-101.254165799926,19.2875002812745,0
"620","Speciespoints",-100.812499110063,20.0875003232905,0
"621","Speciespoints",-101.829165830124,20.2875003337945,0
"622","Speciespoints",-98.2958323112205,18.7708335874725,0
"623","Speciespoints",-101.779165827499,19.7208336373665,0
"624","Speciespoints",-103.154165899714,20.2291669973975,0
"625","Speciespoints",-100.12916574084,20.4791670105275,0
"626","Speciespoints",-103.895832605333,20.2708336662525,0
"627","Speciespoints",-98.5791656594345,19.3291669501295,0
"628","Speciespoints",-97.1291655832805,18.0791668844795,0
"629","Speciespoints",-99.7791657224585,19.2791669475035,0
"630","Speciespoints",-98.3291656463045,19.4041669540685,0
"631","Speciespoints",-100.179165743466,19.5041669593205,0
"632","Speciespoints",-103.237499237424,19.3958336202975,0
"633","Speciespoints",-100.595832432016,19.7125003035955,0
"634","Speciespoints",-100.562499096932,20.3458336701915,0
"635","Speciespoints",-101.895832500292,19.7541669724505,0
"636","Speciespoints",-100.279165748718,19.9708336504965,0
"637","Speciespoints",-99.4291657040765,19.6708336347405,0
"638","Speciespoints",-101.187499129757,20.7041670223445,0
"639","Speciespoints",-100.170832409696,20.2875003337945,0
"640","Speciespoints",-97.4791656016625,19.3125002825875,0
"641","Speciespoints",-99.6291657145805,18.9041669278085,0
"642","Speciespoints",-104.387499297822,20.1375003259165,0
"643","Speciespoints",-102.754165878706,20.7125003561155,0
"644","Speciespoints",-99.5874990457255,19.2625002799615,0
"645","Speciespoints",-99.6624990496645,19.0458336019155,0
"646","Speciespoints",-101.12916579336,19.3291669501295,0
"647","Speciespoints",-101.29583246878,18.6958335835335,0
"648","Speciespoints",-99.9041657290235,19.8625003114735,0
"649","Speciespoints",-99.6874990509775,18.5458335756555,0
"650","Speciespoints",-101.604165818308,19.1541669409385,0
"651","Speciespoints",-101.804165828812,20.1375003259165,0
"652","Speciespoints",-102.21249918359,19.5625002957175,0
"653","Speciespoints",-104.812499320143,20.6625003534895,0
"654","Speciespoints",-101.12083245959,19.4208336216105,0
"655","Speciespoints",-102.095832510796,20.1625003272295,0
"656","Speciespoints",-101.945832502919,19.9375003154125,0
"657","Speciespoints",-103.054165894462,21.0291670394135,0
"658","Speciespoints",-103.28749924005,19.8291669763895,0
"659","Speciespoints",-98.2291656410525,19.1291669396255,0
"660","Speciespoints",-104.187499287318,20.8125003613675,0
"661","Speciespoints",-103.762499264997,20.2625003324815,0
"662","Speciespoints",-103.595832589577,19.3541669514425,0
"663","Speciespoints",-101.237499132384,19.1375002733965,0
"664","Speciespoints",-101.145832460902,20.1125003246035,0
"665","Speciespoints",-99.9041657290235,20.2291669973975,0
"666","Speciespoints",-99.6208323808095,18.8875002602665,0
"667","Speciespoints",-102.437499195407,19.8291669763895,0
"668","Speciespoints",-101.495832479285,19.2458336124195,0
"669","Speciespoints",-103.7041659286,20.1958336623135,0
"670","Speciespoints",-101.187499129757,19.4291669553815,0
"671","Speciespoints",-99.3374990325955,19.0375002681445,0
"672","Speciespoints",-102.62083253837,20.3791670052755,0
"673","Speciespoints",-101.579165816995,19.7541669724505,0
"674","Speciespoints",-101.387499140261,20.7041670223445,0
"675","Speciespoints",-104.71249931489,20.4041670065885,0
"676","Speciespoints",-105.004165996875,20.6041670170925,0
"677","Speciespoints",-100.03749906936,18.6541669146785,0
"678","Speciespoints",-99.5124990417865,19.9208336478705,0
"679","Speciespoints",-103.9624992755,19.9125003140995,0
"680","Speciespoints",-100.312499083802,19.5875002970305,0
"681","Speciespoints",-101.020832454337,19.9541669829545,0
"682","Speciespoints",-97.2458322560745,19.6375002996565,0
"683","Speciespoints",-100.054165736901,19.6625003009695,0
"684","Speciespoints",-102.912499220355,20.7375003574285,0
"685","Speciespoints",-103.7041659286,20.7625003587415,0
"686","Speciespoints",-101.245832466154,20.0208336531225,0
"687","Speciespoints",-98.7708323361675,19.4125002878395,0
"688","Speciespoints",-100.012499068046,20.1875003285425,0
"689","Speciespoints",-100.312499083802,19.8958336465575,0
"690","Speciespoints",-97.7541656161055,18.5291669081135,0
"691","Speciespoints",-103.595832589577,19.7125003035955,0
"692","Speciespoints",-99.5291657093285,19.2458336124195,0
"693","Speciespoints",-99.7874990562295,19.5708336294885,0
"694","Speciespoints",-100.054165736901,18.6458335809075,0
"695","Speciespoints",-97.2708322573875,19.6375002996565,0
"696","Speciespoints",-101.2041657973,19.8208336426185,0
"697","Speciespoints",-104.087499282065,19.8458336439315,0
"698","Speciespoints",-100.137499074611,19.5041669593205,0
"699","Speciespoints",-101.929165835376,19.7375003049085,0
"700","Speciespoints",-101.29583246878,20.7375003574285,0
"701","Speciespoints",-104.470832635532,20.0291669868935,0
"702","Speciespoints",-98.5041656554955,19.0958336045415,0
"703","Speciespoints",-100.62083243333,19.7458336386795,0
"704","Speciespoints",-100.095832405756,20.1958336623135,0
"705","Speciespoints",-99.7708323886875,19.0458336019155,0
"706","Speciespoints",-100.862499112688,19.6291669658855,0
"707","Speciespoints",-102.970832556752,20.4041670065885,0
"708","Speciespoints",-103.020832559377,20.6208336846345,0
"709","Speciespoints",-103.720832596142,20.8041670275965,0
"710","Speciespoints",-98.8208323387935,19.0708336032285,0
"711","Speciespoints",-100.12083240707,19.1125002720835,0
"712","Speciespoints",-104.637499310951,20.7375003574285,0
"713","Speciespoints",-100.720832438581,19.5541669619465,0
"714","Speciespoints",-101.395832474033,20.3708336715045,0
"715","Speciespoints",-99.0291656830685,19.3291669501295,0
"716","Speciespoints",-101.28749913501,20.2041669960845,0
"717","Speciespoints",-102.587499203286,20.6458336859475,0
"718","Speciespoints",-98.4874989879535,19.5625002957175,0
"719","Speciespoints",-103.170832567256,19.8958336465575,0
"720","Speciespoints",-103.829165935164,20.1541669934585,0
"721","Speciespoints",-101.254165799926,19.5958336308015,0
"722","Speciespoints",-102.337499190155,20.5291670131535,0
"723","Speciespoints",-101.779165827499,19.4375002891525,0
"724","Speciespoints",-101.887499166522,19.7208336373665,0
"725","Speciespoints",-101.62916581962,19.7541669724505,0
"726","Speciespoints",-103.195832568569,20.5375003469245,0
"727","Speciespoints",-98.7958323374805,19.3708336189845,0
"728","Speciespoints",-98.5708323256635,18.8458335914115,0
"729","Speciespoints",-101.79583249504,20.3291670026495,0
"730","Speciespoints",-101.162499128444,20.6208336846345,0
"731","Speciespoints",-100.095832405756,19.7958336413055,0
"732","Speciespoints",-101.112499125819,19.8958336465575,0
"733","Speciespoints",-101.395832474033,19.9291669816415,0
"734","Speciespoints",-103.687499261057,19.3875002865265,0
"735","Speciespoints",-101.529165814368,19.0625002694575,0
"736","Speciespoints",-99.7291657198325,19.0875002707705,0
"737","Speciespoints",-101.679165822247,19.6208336321145,0
"738","Speciespoints",-104.87083265654,20.2791670000235,0
"739","Speciespoints",-99.2708323624275,19.1791669422515,0
"740","Speciespoints",-97.3624989288685,19.5125002930915,0
"741","Speciespoints",-102.437499195407,20.0791669895195,0
"742","Speciespoints",-97.5791656069145,18.2375002261285,0
"743","Speciespoints",-98.9041656765035,18.9958335992895,0
"744","Speciespoints",-101.79583249504,19.7875003075345,0
"745","Speciespoints",-104.312499293882,20.6458336859475,0
"746","Speciespoints",-99.6041657132675,19.8958336465575,0
"747","Speciespoints",-97.9374989590675,18.7125002510755,0
"748","Speciespoints",-103.29583257382,19.6958336360535,0
"749","Speciespoints",-100.579165764474,19.9958336518095,0
"750","Speciespoints",-100.062499070673,19.5125002930915,0
"751","Speciespoints",-100.804165776291,19.9125003140995,0
"752","Speciespoints",-97.6624989446245,18.9791669317475,0
"753","Speciespoints",-97.3708322626395,18.8875002602665,0
"754","Speciespoints",-103.304165907591,20.3458336701915,0
"755","Speciespoints",-104.254165957485,20.7791670262835,0
"756","Speciespoints",-103.362499243988,20.1791669947715,0
"757","Speciespoints",-100.995832453025,20.4291670079015,0
"758","Speciespoints",-99.9624990654205,19.6625003009695,0
"759","Speciespoints",-98.1624989708845,19.0375002681445,0
"760","Speciespoints",-103.53749925318,21.0208337056425,0
"761","Speciespoints",-103.104165897087,19.8208336426185,0
"762","Speciespoints",-99.5041657080155,19.6041669645725,0
"763","Speciespoints",-99.1124990207785,19.4291669553815,0
"764","Speciespoints",-100.054165736901,19.5708336294885,0
"765","Speciespoints",-100.945832450398,19.5541669619465,0
"766","Speciespoints",-105.029165998189,20.7291670236575,0
"767","Speciespoints",-98.0458322980905,18.9625002642055,0
"768","Speciespoints",-100.920832449085,19.9541669829545,0
"769","Speciespoints",-102.270832519987,20.5041670118405,0
"770","Speciespoints",-97.5541656056015,19.3208336163585,0
"771","Speciespoints",-101.687499156017,19.4541669566945,0
"772","Speciespoints",-98.0874989669455,19.0791669369995,0
"773","Speciespoints",-101.887499166522,19.9291669816415,0
"774","Speciespoints",-103.012499225607,19.9791669842675,0
"775","Speciespoints",-98.1624989708845,18.7041669173045,0
"776","Speciespoints",-97.9958322954645,19.1375002733965,0
"777","Speciespoints",-102.420832527865,20.2625003324815,0
"778","Speciespoints",-103.71249926237,20.1708336610005,0
"779","Speciespoints",-103.020832559377,20.7208336898865,0
"780","Speciespoints",-102.170832514735,20.2541669987105,0
"781","Speciespoints",-102.145832513423,20.1125003246035,0
"782","Speciespoints",-101.820832496354,20.0041669855805,0
"783","Speciespoints",-97.0791655806545,19.1625002747095,0
"784","Speciespoints",-100.95416578417,20.0375003206645,0
"785","Speciespoints",-102.220832517362,20.3375003364205,0
"786","Speciespoints",-99.5208323755575,19.1208336058545,0
"787","Speciespoints",-101.104165792047,20.2541669987105,0
"788","Speciespoints",-97.4624989341205,18.3208335638385,0
"789","Speciespoints",-103.479165916783,20.4958336780695,0
"790","Speciespoints",-101.595832484537,20.3208336688785,0
"791","Speciespoints",-101.387499140261,18.6458335809075,0
"792","Speciespoints",-103.29583257382,19.3791669527555,0
"793","Speciespoints",-104.662499312265,20.5125003456115,0
"794","Speciespoints",-101.28749913501,19.9875003180385,0
"795","Speciespoints",-99.1791656909465,19.8458336439315,0
"796","Speciespoints",-103.595832589577,20.7458336911995,0
"797","Speciespoints",-97.1791655859065,18.0375002156245,0
"798","Speciespoints",-97.7124989472505,18.3208335638385,0
"799","Speciespoints",-97.6458322770825,19.6458336334275,0
"800","Speciespoints",-101.470832477971,20.5708336820085,0
"801","Speciespoints",-100.054165736901,20.0375003206645,0
"802","Speciespoints",-100.887499114001,20.6625003534895,0
"803","Speciespoints",-104.154165952233,19.6958336360535,0
"804","Speciespoints",-104.970832661792,20.4791670105275,0
"805","Speciespoints",-103.28749924005,19.0791669369995,0
"806","Speciespoints",-101.512499146826,19.2791669475035,0
"807","Speciespoints",-102.512499199347,19.7958336413055,0
"808","Speciespoints",-104.812499320143,20.4958336780695,0
"809","Speciespoints",-101.070832456964,20.4791670105275,0
"810","Speciespoints",-102.96249922298,20.8875003653065,0
"811","Speciespoints",-102.745832544935,19.8125003088475,0
"812","Speciespoints",-101.529165814368,18.8708335927245,0
"813","Speciespoints",-100.612499099559,20.2208336636265,0
"814","Speciespoints",-105.029165998189,20.6708336872605,0
"815","Speciespoints",-98.9041656765035,19.1375002733965,0
"816","Speciespoints",-98.9041656765035,19.3708336189845,0
"817","Speciespoints",-98.1624989708845,18.8875002602665,0
"818","Speciespoints",-103.12083256463,20.5041670118405,0
"819","Speciespoints",-102.754165878706,20.7208336898865,0
"820","Speciespoints",-99.8291657250845,19.8125003088475,0
"821","Speciespoints",-103.095832563317,19.7625003062215,0
"822","Speciespoints",-103.420832580386,20.0208336531225,0
"823","Speciespoints",-97.5458322718305,19.6625003009695,0
"824","Speciespoints",-102.229165851133,19.9708336504965,0
"825","Speciespoints",-97.2708322573875,18.4291669028615,0
"826","Speciespoints",-103.404165912843,20.3791670052755,0
"827","Speciespoints",-103.29583257382,20.9125003666195,0
"828","Speciespoints",-104.495832636844,20.7291670236575,0
"829","Speciespoints",-104.070832614523,19.4458336229235,0
"830","Speciespoints",-101.979165838003,19.8041669750765,0
"831","Speciespoints",-102.554165868201,20.2041669960845,0
"832","Speciespoints",-99.6624990496645,19.9958336518095,0
"833","Speciespoints",-97.5374989380595,19.3458336176715,0
"834","Speciespoints",-97.4624989341205,19.2041669435645,0
"835","Speciespoints",-98.7874990037095,19.6625003009695,0
"836","Speciespoints",-100.20416574478,19.1208336058545,0
"837","Speciespoints",-98.0208322967775,19.0791669369995,0
"838","Speciespoints",-98.1541656371135,18.8958335940375,0
"839","Speciespoints",-99.6041657132675,18.9041669278085,0
"840","Speciespoints",-104.904165991624,20.4875003442985,0
"841","Speciespoints",-99.5208323755575,19.1958336097935,0
"842","Speciespoints",-99.0958323532365,19.6375002996565,0
"843","Speciespoints",-99.0874990194655,19.6208336321145,0
"844","Speciespoints",-102.270832519987,19.2125002773355,0
"845","Speciespoints",-101.845832497667,20.2458336649395,0
"846","Speciespoints",-104.320832627654,20.8541670302225,0
"847","Speciespoints",-97.3791655964105,18.6541669146785,0
"848","Speciespoints",-98.1874989721975,19.1708336084805,0
"849","Speciespoints",-103.54583258695,19.9208336478705,0
"850","Speciespoints",-101.579165816995,19.5625002957175,0
"851","Speciespoints",-102.754165878706,20.3625003377335,0
"852","Speciespoints",-99.7874990562295,18.7291669186175,0
"853","Speciespoints",-97.6041656082275,19.4291669553815,0
"854","Speciespoints",-103.720832596142,20.0291669868935,0
"855","Speciespoints",-97.1041655819675,17.9958335467695,0
"856","Speciespoints",-101.137499127132,20.3791670052755,0
"857","Speciespoints",-97.4041655977235,18.4625002379455,0
"858","Speciespoints",-98.3458323138465,19.2041669435645,0
"859","Speciespoints",-102.312499188842,19.4958336255495,0
"860","Speciespoints",-97.5708322731435,18.6041669120525,0
"861","Speciespoints",-103.312499241363,20.1625003272295,0
"862","Speciespoints",-97.6374989433115,18.7875002550145,0
"863","Speciespoints",-101.770832493727,19.2708336137325,0
"864","Speciespoints",-104.904165991624,20.6708336872605,0
"865","Speciespoints",-103.254165904966,20.7041670223445,0
"866","Speciespoints",-104.54583263947,20.4708336767565,0
"867","Speciespoints",-97.1958322534485,19.6375002996565,0
"868","Speciespoints",-105.079166000814,20.6125003508635,0
"869","Speciespoints",-102.262499186217,19.3458336176715,0
"870","Speciespoints",-99.4041657027635,19.7875003075345,0
"871","Speciespoints",-99.7624990549165,19.5041669593205,0
"872","Speciespoints",-102.12916584588,19.6375002996565,0
"873","Speciespoints",-103.37083257776,20.1958336623135,0
"874","Speciespoints",-104.054165946981,20.0041669855805,0
"875","Speciespoints",-103.362499243988,19.4791669580075,0
"876","Speciespoints",-101.087499124505,19.6125002983435,0
"877","Speciespoints",-101.512499146826,20.1708336610005,0
"878","Speciespoints",-99.9458323978785,19.8958336465575,0
"879","Speciespoints",-97.4458322665785,18.8708335927245,0
"880","Speciespoints",-101.562499149453,18.9458335966635,0
"881","Speciespoints",-103.920832606646,20.3708336715045,0
"882","Speciespoints",-100.945832450398,19.9958336518095,0
"883","Speciespoints",-104.470832635532,20.8291670289095,0
"884","Speciespoints",-103.312499241363,21.1375003784365,0
"885","Speciespoints",-103.479165916783,19.7958336413055,0
"886","Speciespoints",-100.637499100871,20.3791670052755,0
"887","Speciespoints",-100.012499068046,18.8791669264955,0
"888","Speciespoints",-97.8791656226705,18.7625002537015,0
"889","Speciespoints",-97.2458322560745,19.5791669632595,0
"890","Speciespoints",-98.6958323322285,19.1791669422515,0
"891","Speciespoints",-101.570832483223,19.7375003049085,0
"892","Speciespoints",-102.54583253443,20.0125003193515,0
"893","Speciespoints",-103.095832563317,20.0958336570615,0
"894","Speciespoints",-100.254165747405,20.1291669921455,0
"895","Speciespoints",-100.45416575791,19.9875003180385,0
"896","Speciespoints",-102.679165874766,20.3541670039625,0
"897","Speciespoints",-101.529165814368,19.3458336176715,0
"898","Speciespoints",-97.3291655937845,18.7708335874725,0
"899","Speciespoints",-99.8874990614815,18.9958335992895,0
"900","Speciespoints",-101.04583245565,19.8208336426185,0
"901","Speciespoints",-104.587499308326,19.8458336439315,0
"902","Speciespoints",-103.420832580386,19.4958336255495,0
"903","Speciespoints",-99.8791657277105,20.1375003259165,0
"904","Speciespoints",-99.7791657224585,19.9541669829545,0
"905","Speciespoints",-99.9624990654205,19.5791669632595,0
"906","Speciespoints",-102.762499212476,20.8041670275965,0
"907","Speciespoints",-102.020832506858,19.8625003114735,0
"908","Speciespoints",-102.595832537056,20.0125003193515,0
"909","Speciespoints",-104.520832638158,19.9375003154125,0
"910","Speciespoints",-100.595832432016,20.1625003272295,0
"911","Speciespoints",-103.512499251867,20.7375003574285,0
"912","Speciespoints",-103.862499270249,20.1125003246035,0
"913","Speciespoints",-101.404165807803,19.3208336163585,0
"914","Speciespoints",-100.53749909562,19.7208336373665,0
"915","Speciespoints",-102.320832522614,20.5125003456115,0
"916","Speciespoints",-104.279165958799,19.5375002944045,0
"917","Speciespoints",-103.645832592202,20.2291669973975,0
"918","Speciespoints",-102.21249918359,20.3625003377335,0
"919","Speciespoints",-103.37083257776,19.4541669566945,0
"920","Speciespoints",-103.46249924924,19.9958336518095,0
"921","Speciespoints",-104.487499303074,20.0125003193515,0
"922","Speciespoints",-102.12083251211,19.4291669553815,0
"923","Speciespoints",-101.37916580649,19.8375003101605,0
"924","Speciespoints",-103.87916593779,19.3791669527555,0
"925","Speciespoints",-103.412499246615,19.7708336399925,0
"926","Speciespoints",-101.87916583275,20.2125003298555,0
"927","Speciespoints",-99.2124990260305,19.5375002944045,0
"928","Speciespoints",-100.429165756597,19.8541669777025,0
"929","Speciespoints",-103.970832609271,19.4958336255495,0
"930","Speciespoints",-104.04583261321,20.0375003206645,0
"931","Speciespoints",-98.0041656292355,18.8041669225565,0
"932","Speciespoints",-100.845832445146,19.9458336491835,0
"933","Speciespoints",-101.595832484537,19.3458336176715,0
"934","Speciespoints",-99.1041656870075,19.2541669461905,0
"935","Speciespoints",-100.062499070673,20.1958336623135,0
"936","Speciespoints",-97.8708322888995,19.4541669566945,0
"937","Speciespoints",-100.354165752657,19.8708336452445,0
"938","Speciespoints",-103.45416591547,19.9458336491835,0
"939","Speciespoints",-97.5874989406855,19.2875002812745,0
"940","Speciespoints",-103.237499237424,20.9875003705585,0
"941","Speciespoints",-103.604165923347,20.8625003639935,0
"942","Speciespoints",-99.4041657027635,19.6708336347405,0
"943","Speciespoints",-101.779165827499,19.7125003035955,0
"944","Speciespoints",-103.854165936478,20.6875003548025,0
"945","Speciespoints",-99.1624990234045,19.7791669737635,0
"946","Speciespoints",-103.345832576446,20.7958336938255,0
"947","Speciespoints",-102.437499195407,20.5458336806955,0
"948","Speciespoints",-99.0624990181525,19.7791669737635,0
"949","Speciespoints",-101.362499138948,20.2375003311685,0
"950","Speciespoints",-99.9291657303365,18.8041669225565,0
"951","Speciespoints",-100.612499099559,19.9708336504965,0
"952","Speciespoints",-100.587499098246,19.9875003180385,0
"953","Speciespoints",-103.737499263684,20.6208336846345,0
"954","Speciespoints",-103.079165895774,20.0875003232905,0
"955","Speciespoints",-102.812499215103,20.5791670157795,0
"956","Speciespoints",-98.5291656568085,19.3041669488165,0
"957","Speciespoints",-102.20416584982,19.6708336347405,0
"958","Speciespoints",-104.320832627654,20.0041669855805,0
"959","Speciespoints",-103.87916593779,20.1208336583745,0
"960","Speciespoints",-104.487499303074,20.5625003482375,0
"961","Speciespoints",-98.4791656541825,18.9708335979765,0
"962","Speciespoints",-101.604165818308,19.1208336058545,0
"963","Speciespoints",-103.345832576446,20.9041670328485,0
"964","Speciespoints",-99.6041657132675,18.5875002445105,0
"965","Speciespoints",-100.112499073298,19.1041669383125,0
"966","Speciespoints",-97.7624989498765,19.1625002747095,0
"967","Speciespoints",-103.512499251867,21.0458337069555,0
"968","Speciespoints",-102.445832529179,19.8625003114735,0
"969","Speciespoints",-98.3708323151595,19.4708336242365,0
"970","Speciespoints",-102.662499207224,20.5125003456115,0
"971","Speciespoints",-99.7208323860615,19.8875003127865,0
"972","Speciespoints",-103.079165895774,19.4125002878395,0
"973","Speciespoints",-99.8791657277105,19.0291669343735,0
"974","Speciespoints",-97.5874989406855,18.5375002418845,0
"975","Speciespoints",-99.1208323545495,19.6791669685115,0
"976","Speciespoints",-98.6874989984575,19.2458336124195,0
"977","Speciespoints",-98.1208323020295,18.9291669291215,0
"978","Speciespoints",-104.179165953547,19.5625002957175,0
"979","Speciespoints",-98.2374989748235,19.6125002983435,0
"980","Speciespoints",-97.7374989485635,18.7708335874725,0
"981","Speciespoints",-103.070832562004,19.9708336504965,0
"982","Speciespoints",-99.3958323689925,18.9125002615795,0
"983","Speciespoints",-104.754165983745,20.3041670013365,0
"984","Speciespoints",-100.420832422825,19.5041669593205,0
"985","Speciespoints",-100.87916578023,20.6625003534895,0
"986","Speciespoints",-98.6708323309155,18.9625002642055,0
"987","Speciespoints",-97.6124989419985,18.8541669251825,0
"988","Speciespoints",-97.4791656016625,19.7375003049085,0
"989","Speciespoints",-103.329165908904,19.5375002944045,0
"990","Speciespoints",-98.0458322980905,18.8625002589535,0
"991","Speciespoints",-97.5791656069145,19.1791669422515,0
"992","Speciespoints",-103.470832583012,20.6458336859475,0
"993","Speciespoints",-98.8041656712515,19.3375002839005,0
"994","Speciespoints",-102.804165881331,20.2041669960845,0
"995","Speciespoints",-101.079165790735,19.3875002865265,0
"996","Speciespoints",-99.6958323847485,19.0375002681445,0
"997","Speciespoints",-100.95416578417,19.9541669829545,0
"998","Speciespoints",-104.170832619775,19.5875002970305,0
"999","Speciespoints",-100.53749909562,20.1791669947715,0
"1000","Speciespoints",-103.029165893149,20.5541670144665,0
"1001","Speciespoints",-98.9291656778165,19.5291669606335,0
"1002","Speciespoints",-101.429165809116,19.8458336439315,0
"1003","Speciespoints",-104.729165982433,20.1875003285425,0
"1004","Speciespoints",-101.912499167834,19.4291669553815,0
"1005","Speciespoints",-103.46249924924,20.4958336780695,0
"1006","Speciespoints",-97.1291655832805,18.1541668884185,0
"1007","Speciespoints",-103.587499255805,20.0375003206645,0
"1008","Speciespoints",-99.5874990457255,20.1708336610005,0
"1009","Speciespoints",-103.637499258432,19.6625003009695,0
"1010","Speciespoints",-103.604165923347,19.8291669763895,0
"1011","Speciespoints",-104.020832611898,20.7958336938255,0
"1012","Speciespoints",-102.837499216415,20.2625003324815,0
"1013","Speciespoints",-99.3624990339085,18.9541669304345,0
"1014","Speciespoints",-100.03749906936,18.8625002589535,0
"1015","Speciespoints",-101.262499133696,19.7625003062215,0
"1016","Speciespoints",-102.979165890522,19.9708336504965,0
"1017","Speciespoints",-99.9708323991915,19.5708336294885,0
"1018","Speciespoints",-102.254165852445,19.8208336426185,0
"1019","Speciespoints",-102.20416584982,20.4791670105275,0
"1020","Speciespoints",-97.8874989564415,19.2291669448775,0
"1021","Speciespoints",-103.745832597454,19.8541669777025,0
"1022","Speciespoints",-99.5541657106415,20.1041669908325,0
"1023","Speciespoints",-100.554165763162,19.9625003167255,0
"1024","Speciespoints",-103.529165919408,20.5208336793825,0
"1025","Speciespoints",-100.670832435956,20.1458336596875,0
"1026","Speciespoints",-99.2374990273435,19.6958336360535,0
"1027","Speciespoints",-102.087499177026,19.4208336216105,0
"1028","Speciespoints",-100.04583240313,19.6791669685115,0
"1029","Speciespoints",-97.5958322744565,19.0458336019155,0
"1030","Speciespoints",-101.45416581043,20.6541670197185,0
"1031","Speciespoints",-99.7374990536035,19.0458336019155,0
"1032","Speciespoints",-102.304165855072,19.2208336111065,0
"1033","Speciespoints",-102.220832517362,19.3958336202975,0
"1034","Speciespoints",-104.662499312265,20.0958336570615,0
"1035","Speciespoints",-102.487499198034,20.1041669908325,0
"1036","Speciespoints",-100.595832432016,19.6958336360535,0
"1037","Speciespoints",-102.112499178338,20.3541670039625,0
"1038","Speciespoints",-101.429165809116,20.6458336859475,0
"1039","Speciespoints",-99.3624990339085,19.7708336399925,0
"1040","Speciespoints",-101.487499145513,19.0791669369995,0
"1041","Speciespoints",-98.1541656371135,19.5541669619465,0
"1042","Speciespoints",-104.62083264341,20.6875003548025,0
"1043","Speciespoints",-103.1291658984,20.1041669908325,0
"1044","Speciespoints",-102.470832530492,20.0041669855805,0
"1045","Speciespoints",-97.8874989564415,18.4875002392585,0
"1046","Speciespoints",-102.304165855072,19.2958336150455,0
"1047","Speciespoints",-104.012499278126,20.1875003285425,0
"1048","Speciespoints",-97.9791656279225,18.5125002405715,0
"1049","Speciespoints",-100.554165763162,20.0458336544355,0
"1050","Speciespoints",-102.612499204599,20.4875003442985,0
"1051","Speciespoints",-100.979165785483,20.3291670026495,0
"1052","Speciespoints",-97.6041656082275,18.8958335940375,0
"1053","Speciespoints",-103.162499233484,19.7625003062215,0
"1054","Speciespoints",-99.4708323729315,20.1541669934585,0
"1055","Speciespoints",-102.829165882645,20.2541669987105,0
"1056","Speciespoints",-100.095832405756,20.2625003324815,0
"1057","Speciespoints",-104.254165957485,20.2875003337945,0
"1058","Speciespoints",-99.7291657198325,18.9375002628925,0
"1059","Speciespoints",-104.687499313578,20.0791669895195,0
"1060","Speciespoints",-104.429165966677,20.7375003574285,0
"1061","Speciespoints",-98.6458323296025,19.2708336137325,0
"1062","Speciespoints",-103.112499230859,19.1291669396255,0
"1063","Speciespoints",-104.28749929257,19.6208336321145,0
"1064","Speciespoints",-99.5791657119545,19.9791669842675,0
"1065","Speciespoints",-99.5291657093285,19.0375002681445,0
"1066","Speciespoints",-102.262499186217,19.2791669475035,0
"1067","Speciespoints",-98.8458323401065,19.2791669475035,0
"1068","Speciespoints",-104.12083261715,20.3125003351075,0
"1069","Speciespoints",-100.179165743466,20.2791670000235,0
"1070","Speciespoints",-102.137499179651,19.9458336491835,0
"1071","Speciespoints",-100.687499103498,20.3125003351075,0
"1072","Speciespoints",-102.145832513423,20.0375003206645,0
"1073","Speciespoints",-100.804165776291,19.6541669671985,0
"1074","Speciespoints",-100.995832453025,19.5458336281755,0
"1075","Speciespoints",-101.945832502919,19.6625003009695,0
"1076","Speciespoints",-103.137499232172,20.2041669960845,0
"1077","Speciespoints",-99.6541657158935,19.4291669553815,0
"1078","Speciespoints",-99.9291657303365,19.2708336137325,0
"1079","Speciespoints",-102.8708325515,20.7541670249705,0
"1080","Speciespoints",-103.320832575133,20.3291670026495,0
"1081","Speciespoints",-103.337499242676,20.5291670131535,0
"1082","Speciespoints",-103.187499234797,20.2708336662525,0
"1083","Speciespoints",-104.37083263028,20.7541670249705,0
"1084","Speciespoints",-103.762499264997,19.6041669645725,0
"1085","Speciespoints",-98.8791656751905,19.4791669580075,0
"1086","Speciespoints",-99.6708323834355,19.3791669527555,0
"1087","Speciespoints",-99.9374990641075,20.0125003193515,0
"1088","Speciespoints",-101.570832483223,18.9125002615795,0
